{"cameraMode":{"drawMode":0,"name":"Shaded","section":"Shading Mode"},"sceneLighting":false,"audioPlay":false,"sceneViewState":{"m_AlwaysRefresh":false,"showFog":true,"showSkybox":false,"showFlares":true,"showImageEffects":true,"showParticleSystems":true,"showVisualEffectGraphs":true,"m_FxEnabled":true},"in2DMode":false,"pivot":{"x":-1.0918656587600709,"y":-0.13262510299682618,"z":-4.347916603088379},"rotation":{"x":0.5606040954589844,"y":-0.05085086449980736,"z":0.03452069312334061,"w":0.8258004784584045},"size":1.1277904510498047,"orthographic":false}