{"cameraMode":{"drawMode":0,"name":"Shaded","section":"Shading Mode"},"sceneLighting":false,"audioPlay":false,"sceneViewState":{"m_AlwaysRefresh":false,"showFog":true,"showSkybox":false,"showFlares":true,"showImageEffects":true,"showParticleSystems":true,"showVisualEffectGraphs":true,"m_FxEnabled":true},"in2DMode":false,"pivot":{"x":0.1151377260684967,"y":-0.030680745840072633,"z":-0.3257027864456177},"rotation":{"x":0.29778775572776797,"y":0.509181559085846,"z":-0.19340339303016663,"w":0.7839998006820679},"size":1.34695303440094,"orthographic":false}