{"cameraMode":{"drawMode":0,"name":"Shaded","section":"Shading Mode"},"sceneLighting":true,"audioPlay":false,"sceneViewState":{"m_AlwaysRefresh":false,"showFog":true,"showSkybox":true,"showFlares":true,"showImageEffects":true,"showParticleSystems":true,"showVisualEffectGraphs":true,"m_FxEnabled":true},"in2DMode":false,"pivot":{"x":1.3247843980789185,"y":-0.10886320471763611,"z":0.5019715428352356},"rotation":{"x":0.3528863787651062,"y":0.033673983067274097,"z":-0.012709288857877255,"w":0.9349762797355652},"size":1.4304797649383546,"orthographic":false}